"country","team","overall_points_team","overall_points_country","percentage","flag","text"
"England","Manchester United",14.8571428571429,99.7857142857143,0.148890479599141,":gb-eng:","England: 99.786 points"
"England","Tottenham Hotspur",12.6428571428571,99.7857142857143,0.126700071581961,":gb-eng:","England: 99.786 points"
"England","Liverpool",17.7142857142857,99.7857142857143,0.177523264137437,":gb-eng:","England: 99.786 points"
"England","Chelsea",16.5714285714286,99.7857142857143,0.166070150322119,":gb-eng:","England: 99.786 points"
"England","Wolverhampton Wanderers",3.14285714285714,99.7857142857143,0.031496062992126,":gb-eng:","England: 99.786 points"
"England","Burnley FC",0.5,99.7857142857143,0.00501073729420186,":gb-eng:","England: 99.786 points"
"England","Everton",0.928571428571429,99.7857142857143,0.00930565497494631,":gb-eng:","England: 99.786 points"
"England","Arsenal",11.4285714285714,99.7857142857143,0.114531138153185,":gb-eng:","England: 99.786 points"
"England","Leicester City",2.28571428571429,99.7857142857143,0.0229062276306371,":gb-eng:","England: 99.786 points"
"England","West Ham United",2,99.7857142857143,0.0200429491768074,":gb-eng:","England: 99.786 points"
"England","Manchester City",17.7142857142857,99.7857142857143,0.177523264137437,":gb-eng:","England: 99.786 points"
"Spain","Granada CF",2.5,88.2857142857143,0.0283171521035599,":es:","Spain: 88.286 points"
"Spain","Atlético Madrid",14.2857142857143,88.2857142857143,0.161812297734628,":es:","Spain: 88.286 points"
"Spain","Valencia",5.71428571428571,88.2857142857143,0.0647249190938511,":es:","Spain: 88.286 points"
"Spain","Villarreal",9,88.2857142857143,0.101941747572816,":es:","Spain: 88.286 points"
"Spain","Real Betis",2.71428571428571,88.2857142857143,0.0307443365695793,":es:","Spain: 88.286 points"
"Spain","Real Sociedad",3.14285714285714,88.2857142857143,0.0355987055016181,":es:","Spain: 88.286 points"
"Spain","Athletic Bilbao",1.92857142857143,88.2857142857143,0.0218446601941748,":es:","Spain: 88.286 points"
"Spain","Real Madrid",16.1428571428571,88.2857142857143,0.182847896440129,":es:","Spain: 88.286 points"
"Spain","FC Barcelona",15.4285714285714,88.2857142857143,0.174757281553398,":es:","Spain: 88.286 points"
"Spain","Espanyol",2.21428571428571,88.2857142857143,0.0250809061488673,":es:","Spain: 88.286 points"
"Spain","Getafe",1.57142857142857,88.2857142857143,0.0177993527508091,":es:","Spain: 88.286 points"
"Spain","Sevilla",13.6428571428571,88.2857142857143,0.15453074433657,":es:","Spain: 88.286 points"
"Italy","AC Milan",6.95238095238095,71.7619047619048,0.0968812209688122,":it:","Italy: 71.762 points"
"Italy","Torino",0.5,71.7619047619048,0.00696748506967485,":it:","Italy: 71.762 points"
"Italy","AS Roma",13.0238095238095,71.7619047619048,0.181486396814864,":it:","Italy: 71.762 points"
"Italy","Juventus",15.6904761904762,71.7619047619048,0.218646317186463,":it:","Italy: 71.762 points"
"Italy","Atalanta",9.04761904761905,71.7619047619048,0.126078301260783,":it:","Italy: 71.762 points"
"Italy","Napoli",9.42857142857143,71.7619047619048,0.131386861313869,":it:","Italy: 71.762 points"
"Italy","Internazionale",9.28571428571429,71.7619047619048,0.129396151293962,":it:","Italy: 71.762 points"
"Italy","Lazio",7.83333333333333,71.7619047619048,0.109157266091573,":it:","Italy: 71.762 points"
"Germany","1.FC Köln",0.571428571428571,70.0714285714286,0.00815494393476045,":de:","Germany: 70.071 points"
"Germany","RB Leipzig",11.3571428571429,70.0714285714286,0.162079510703364,":de:","Germany: 70.071 points"
"Germany","1899 Hoffenheim",3.28571428571429,70.0714285714286,0.0468909276248726,":de:","Germany: 70.071 points"
"Germany","VfL Wolfsburg",3.35714285714286,70.0714285714286,0.0479102956167176,":de:","Germany: 70.071 points"
"Germany","SC Freiburg",0.142857142857143,70.0714285714286,0.00203873598369011,":de:","Germany: 70.071 points"
"Germany","Bayer Leverkusen",7.57142857142857,70.0714285714286,0.108053007135576,":de:","Germany: 70.071 points"
"Germany","Borussia Dortmund",11.1428571428571,70.0714285714286,0.159021406727829,":de:","Germany: 70.071 points"
"Germany","Schalke 04",2.42857142857143,70.0714285714286,0.0346585117227319,":de:","Germany: 70.071 points"
"Germany","Eintracht Frankfurt",6.85714285714286,70.0714285714286,0.0978593272171254,":de:","Germany: 70.071 points"
"Germany","Bayern München",19,70.0714285714286,0.271151885830785,":de:","Germany: 70.071 points"
"Germany","Union Berlin",0.785714285714286,70.0714285714286,0.0112130479102956,":de:","Germany: 70.071 points"
"Germany","Borussia Mönchengladbach",3,70.0714285714286,0.0428134556574924,":de:","Germany: 70.071 points"
"Germany","Hertha BSC",0.571428571428571,70.0714285714286,0.00815494393476045,":de:","Germany: 70.071 points"
"France","Lille OSC",5,55.0833333333333,0.0907715582450832,":fr:","France: 55.083 points"
"France","Stade Rennais",5.16666666666667,55.0833333333333,0.0937972768532526,":fr:","France: 55.083 points"
"France","Paris Saint-Germain",18.3333333333333,55.0833333333333,0.332829046898638,":fr:","France: 55.083 points"
"France","OGC Nice",1.5,55.0833333333333,0.027231467473525,":fr:","France: 55.083 points"
"France","AS Saint-Étienne",0.666666666666667,55.0833333333333,0.0121028744326778,":fr:","France: 55.083 points"
"France","AS Monaco",4.41666666666667,55.0833333333333,0.0801815431164902,":fr:","France: 55.083 points"
"France","Olympique Marseille",5.5,55.0833333333333,0.0998487140695915,":fr:","France: 55.083 points"
"France","Stade de Reims",0.416666666666667,55.0833333333333,0.0075642965204236,":fr:","France: 55.083 points"
"France","Olympique Lyon",11.5,55.0833333333333,0.208774583963691,":fr:","France: 55.083 points"
"France","RC Strasbourg",0.666666666666667,55.0833333333333,0.0121028744326778,":fr:","France: 55.083 points"
"France","Girondins Bordeaux",1.91666666666667,55.0833333333333,0.0347957639939486,":fr:","France: 55.083 points"
"Portugal","Sporting CP Lisbon",9.98333333333333,49.55,0.201479986545577,":pt:","Portugal: 49.55 points"
"Portugal","FC Porto",14.9666666666667,49.55,0.302051799529095,":pt:","Portugal: 49.55 points"
"Portugal","Maritimo Funchal",0.333333333333333,49.55,0.0067272115708039,":pt:","Portugal: 49.55 points"
"Portugal","Paços de Ferreira",0.333333333333333,49.55,0.0067272115708039,":pt:","Portugal: 49.55 points"
"Portugal","Benfica",11.85,49.55,0.239152371342079,":pt:","Portugal: 49.55 points"
"Portugal","Vitória Guimarães",2.56666666666667,49.55,0.05179952909519,":pt:","Portugal: 49.55 points"
"Portugal","Sporting Braga",7.88333333333333,49.55,0.159098553649512,":pt:","Portugal: 49.55 points"
"Portugal","CD Santa Clara",0.833333333333333,49.55,0.0168180289270098,":pt:","Portugal: 49.55 points"
"Portugal","Rio Ave",0.8,49.55,0.0161453077699294,":pt:","Portugal: 49.55 points"
"Netherlands","AZ Alkmaar",6.5,43.1,0.150812064965197,":nl:","Netherlands: 43.1 points"
"Netherlands","PSV Eindhoven",8.4,43.1,0.194895591647332,":nl:","Netherlands: 43.1 points"
"Netherlands","Feyenoord",6.5,43.1,0.150812064965197,":nl:","Netherlands: 43.1 points"
"Netherlands","FC Utrecht",0.8,43.1,0.0185614849187935,":nl:","Netherlands: 43.1 points"
"Netherlands","Vitesse Arnhem",2.7,43.1,0.0626450116009281,":nl:","Netherlands: 43.1 points"
"Netherlands","Willem II Tilburg",0.4,43.1,0.00928074245939675,":nl:","Netherlands: 43.1 points"
"Netherlands","Ajax",17.8,43.1,0.412993039443155,":nl:","Netherlands: 43.1 points"
"Austria","FC Salzburg",17.7,36.85,0.480325644504749,":at:","Austria: 36.85 points"
"Austria","TSV Hartberg",0.1,36.85,0.00271370420624152,":at:","Austria: 36.85 points"
"Austria","Austria Wien",1.725,36.85,0.0468113975576662,":at:","Austria: 36.85 points"
"Austria","LASK Linz",0.6,36.85,0.0162822252374491,":at:","Austria: 36.85 points"
"Austria","Sturm Graz",1.175,36.85,0.0318860244233379,":at:","Austria: 36.85 points"
"Austria","SCR Altach",1.25,36.85,0.033921302578019,":at:","Austria: 36.85 points"
"Austria","Rapid Wien",4.4,36.85,0.119402985074627,":at:","Austria: 36.85 points"
"Austria","Admira Wacker",0,36.85,0,":at:","Austria: 36.85 points"
"Austria","LASK",7.7,36.85,0.208955223880597,":at:","Austria: 36.85 points"
"Austria","Wolfsberger AC",2.2,36.85,0.0597014925373134,":at:","Austria: 36.85 points"
"Scotland","Kilmarnock",0.25,33.5,0.00746268656716418,":gb-sct:","Scotland: 33.5 points"
"Scotland","Glasgow Rangers",14.075,33.5,0.420149253731343,":gb-sct:","Scotland: 33.5 points"
"Scotland","Aberdeen",3.1,33.5,0.0925373134328358,":gb-sct:","Scotland: 33.5 points"
"Scotland","Celtic",13.625,33.5,0.406716417910448,":gb-sct:","Scotland: 33.5 points"
"Scotland","Motherwell",0.75,33.5,0.0223880597014925,":gb-sct:","Scotland: 33.5 points"
"Scotland","Hibernian",1.5,33.5,0.0447761194029851,":gb-sct:","Scotland: 33.5 points"
"Scotland","St. Johnstone",0.2,33.5,0.00597014925373134,":gb-sct:","Scotland: 33.5 points"
"Russia","Lokomotiv Moscow",5.96666666666667,32.8833333333333,0.181449569183984,":ru:","Russia: 32.883 points"
"Russia","FC Sochi",0.6,32.8833333333333,0.0182463253928028,":ru:","Russia: 32.883 points"
"Russia","Rubin Kazan",0.1,32.8833333333333,0.00304105423213381,":ru:","Russia: 32.883 points"
"Russia","Zenit St. Petersburg",9.13333333333333,32.8833333333333,0.277749619868221,":ru:","Russia: 32.883 points"
"Russia","FK Krasnodar",5.26666666666667,32.8833333333333,0.160162189559047,":ru:","Russia: 32.883 points"
"Russia","CSKA Moscow",6.86666666666667,32.8833333333333,0.208819057273188,":ru:","Russia: 32.883 points"
"Russia","Arsenal Tula",0,32.8833333333333,0,":ru:","Russia: 32.883 points"
"Russia","Dinamo Moscow",0.0833333333333333,32.8833333333333,0.00253421186011151,":ru:","Russia: 32.883 points"
"Russia","FC Ufa",0.5,32.8833333333333,0.015205271160669,":ru:","Russia: 32.883 points"
"Russia","FK Rostov",0.0833333333333333,32.8833333333333,0.00253421186011151,":ru:","Russia: 32.883 points"
"Russia","Spartak Moscow",4.28333333333333,32.8833333333333,0.130258489609731,":ru:","Russia: 32.883 points"
"Ukraine","Zorya Luhansk",3.5,31.6,0.110759493670886,":ua:","Ukraine: 31.6 points"
"Ukraine","Olimpik Donetsk",0.1,31.6,0.00316455696202532,":ua:","Ukraine: 31.6 points"
"Ukraine","Shakhtar Donetsk",14.9,31.6,0.471518987341772,":ua:","Ukraine: 31.6 points"
"Ukraine","FC Mariupol",0.4,31.6,0.0126582278481013,":ua:","Ukraine: 31.6 points"
"Ukraine","Kolos Kovalivka",0.6,31.6,0.0189873417721519,":ua:","Ukraine: 31.6 points"
"Ukraine","FC Oleksandriya",1,31.6,0.0316455696202532,":ua:","Ukraine: 31.6 points"
"Ukraine","Vorskla Poltava",0.5,31.6,0.0158227848101266,":ua:","Ukraine: 31.6 points"
"Ukraine","Desna Chernihiv",0.1,31.6,0.00316455696202532,":ua:","Ukraine: 31.6 points"
"Ukraine","Dinamo Kiev",10.5,31.6,0.332278481012658,":ua:","Ukraine: 31.6 points"
"Serbia","Red Star Belgrade",15.875,29.875,0.531380753138075,":rs:","Serbia: 29.875 points"
"Serbia","Vojvodina Novi Sad",0.875,29.875,0.0292887029288703,":rs:","Serbia: 29.875 points"
"Serbia","Radnicki Nis",0.75,29.875,0.0251046025104603,":rs:","Serbia: 29.875 points"
"Serbia","Mladost Lucani",0,29.875,0,":rs:","Serbia: 29.875 points"
"Serbia","Cukaricki Belgrade",1.25,29.875,0.0418410041841004,":rs:","Serbia: 29.875 points"
"Serbia","TSC Backa Topola",0.625,29.875,0.0209205020920502,":rs:","Serbia: 29.875 points"
"Serbia","Partizan Belgrade",9.875,29.875,0.330543933054393,":rs:","Serbia: 29.875 points"
"Serbia","Spartak Subotica",0.625,29.875,0.0209205020920502,":rs:","Serbia: 29.875 points"
"Belgium","KV Oostende",0.1,29.8,0.00335570469798658,":be:","Belgium: 29.8 points"
"Belgium","Racing Genk",4.8,29.8,0.161073825503356,":be:","Belgium: 29.8 points"
"Belgium","AA Gent",6.2,29.8,0.208053691275168,":be:","Belgium: 29.8 points"
"Belgium","Zulte Waregem",1,29.8,0.0335570469798658,":be:","Belgium: 29.8 points"
"Belgium","Charleroi",0.4,29.8,0.0134228187919463,":be:","Belgium: 29.8 points"
"Belgium","Standard Liège",4.2,29.8,0.140939597315436,":be:","Belgium: 29.8 points"
"Belgium","Club Brugge",8.3,29.8,0.278523489932886,":be:","Belgium: 29.8 points"
"Belgium","Royal Antwerp",2.5,29.8,0.0838926174496644,":be:","Belgium: 29.8 points"
"Belgium","Anderlecht",2.3,29.8,0.0771812080536913,":be:","Belgium: 29.8 points"
"Switzerland","Servette FC Genève",0.75,28.925,0.0259291270527226,":ch:","Switzerland: 28.925 points"
"Switzerland","Young Boys",11.175,28.925,0.386343993085566,":ch:","Switzerland: 28.925 points"
"Switzerland","FC Basel",12.775,28.925,0.441659464131374,":ch:","Switzerland: 28.925 points"
"Switzerland","FC Zürich",1.4,28.925,0.0484010371650821,":ch:","Switzerland: 28.925 points"
"Switzerland","FC Thun",0,28.925,0,":ch:","Switzerland: 28.925 points"
"Switzerland","FC Sankt Gallen",0.325,28.925,0.0112359550561798,":ch:","Switzerland: 28.925 points"
"Switzerland","FC Luzern",0.6,28.925,0.020743301642178,":ch:","Switzerland: 28.925 points"
"Switzerland","FC Sion",0.1,28.925,0.00345721694036301,":ch:","Switzerland: 28.925 points"
"Switzerland","FC Lugano",1.8,28.925,0.0622299049265341,":ch:","Switzerland: 28.925 points"
"Cyprus","Omonia Nicosia",3.125,26.875,0.116279069767442,":cy:","Cyprus: 26.875 points"
"Cyprus","APOEL Nicosia",7.5,26.875,0.27906976744186,":cy:","Cyprus: 26.875 points"
"Cyprus","Anorthosis Famagusta",2,26.875,0.0744186046511628,":cy:","Cyprus: 26.875 points"
"Cyprus","Apollon Limassol",6.625,26.875,0.246511627906977,":cy:","Cyprus: 26.875 points"
"Cyprus","AEL Limassol",1.875,26.875,0.0697674418604651,":cy:","Cyprus: 26.875 points"
"Cyprus","AEK Larnaca",4.75,26.875,0.176744186046512,":cy:","Cyprus: 26.875 points"
"Greece","PAOK Thessaloniki",5.725,25.95,0.220616570327553,":gr:","Greece: 25.95 points"
"Greece","Atromitos FC",0.6,25.95,0.023121387283237,":gr:","Greece: 25.95 points"
"Greece","Asteras Tripolis",0.1,25.95,0.00385356454720617,":gr:","Greece: 25.95 points"
"Greece","OFI Heraklion",0.1,25.95,0.00385356454720617,":gr:","Greece: 25.95 points"
"Greece","AEK Athens",5.25,25.95,0.202312138728324,":gr:","Greece: 25.95 points"
"Greece","Olympiakos Piraeus",12.525,25.95,0.482658959537572,":gr:","Greece: 25.95 points"
"Greece","Aris Thessaloniki",0.85,25.95,0.0327552986512524,":gr:","Greece: 25.95 points"
"Greece","Panionios",0.4,25.95,0.0154142581888247,":gr:","Greece: 25.95 points"
"Greece","Panathinaikos",0.4,25.95,0.0154142581888247,":gr:","Greece: 25.95 points"
"Turkey","Alanyaspor",0.1,25.9,0.00386100386100386,":tr:","Turkey: 25.9 points"
"Turkey","Konyaspor",1,25.9,0.0386100386100386,":tr:","Turkey: 25.9 points"
"Turkey","Akhisarspor",0.2,25.9,0.00772200772200772,":tr:","Turkey: 25.9 points"
"Turkey","Besiktas",7.2,25.9,0.277992277992278,":tr:","Turkey: 25.9 points"
"Turkey","Istanbul Basaksehir",5.1,25.9,0.196911196911197,":tr:","Turkey: 25.9 points"
"Turkey","Trabzonspor",0.9,25.9,0.0347490347490347,":tr:","Turkey: 25.9 points"
"Turkey","Fenerbahçe",3.2,25.9,0.123552123552124,":tr:","Turkey: 25.9 points"
"Turkey","Galatasaray",6.2,25.9,0.239382239382239,":tr:","Turkey: 25.9 points"
"Turkey","Sivasspor",1.5,25.9,0.0579150579150579,":tr:","Turkey: 25.9 points"
"Turkey","Yeni Malatyaspor",0.5,25.9,0.0193050193050193,":tr:","Turkey: 25.9 points"
"Denmark","Lyngby BK",1,25.775,0.0387972841901067,":dk:","Denmark: 25.775 points"
"Denmark","Esbjerg fB",0.125,25.775,0.00484966052376334,":dk:","Denmark: 25.775 points"
"Denmark","Brøndby IF",1.775,25.775,0.0688651794374394,":dk:","Denmark: 25.775 points"
"Denmark","AGF Aarhus",0.6,25.775,0.023278370514064,":dk:","Denmark: 25.775 points"
"Denmark","Randers FC",1.3,25.775,0.0504364694471387,":dk:","Denmark: 25.775 points"
"Denmark","FC Midtjylland",6.25,25.775,0.242483026188167,":dk:","Denmark: 25.775 points"
"Denmark","FC Nordsjælland",1,25.775,0.0387972841901067,":dk:","Denmark: 25.775 points"
"Denmark","SønderjyskE",0.125,25.775,0.00484966052376334,":dk:","Denmark: 25.775 points"
"Denmark","FC København",13.6,25.775,0.527643064985451,":dk:","Denmark: 25.775 points"
"Croatia","NK Rijeka",4.95,25.65,0.192982456140351,":hr:","Croatia: 25.65 points"
"Croatia","Lokomotiva Zagreb",0.2,25.65,0.00779727095516569,":hr:","Croatia: 25.65 points"
"Croatia","Dinamo Zagreb",15.125,25.65,0.589668615984405,":hr:","Croatia: 25.65 points"
"Croatia","NK Osijek",2.85,25.65,0.111111111111111,":hr:","Croatia: 25.65 points"
"Croatia","Hajduk Split",2.525,25.65,0.0984405458089669,":hr:","Croatia: 25.65 points"
"Czech Republic","Viktoria Plzen",6.8,25.6,0.265625,":cz:","Czech Republic: 25.6 points"
"Czech Republic","Sparta Praha",1.9,25.6,0.07421875,":cz:","Czech Republic: 25.6 points"
"Czech Republic","FK Jablonec",2.4,25.6,0.09375,":cz:","Czech Republic: 25.6 points"
"Czech Republic","FC Zlin",0.4,25.6,0.015625,":cz:","Czech Republic: 25.6 points"
"Czech Republic","1.FC Slovácko",0.2,25.6,0.0078125,":cz:","Czech Republic: 25.6 points"
"Czech Republic","Slavia Praha",10.6,25.6,0.4140625,":cz:","Czech Republic: 25.6 points"
"Czech Republic","Slovan Liberec",1.9,25.6,0.07421875,":cz:","Czech Republic: 25.6 points"
"Czech Republic","Mladá Boleslav",1,25.6,0.0390625,":cz:","Czech Republic: 25.6 points"
"Czech Republic","Sigma Olomouc",0.4,25.6,0.015625,":cz:","Czech Republic: 25.6 points"
"Norway","Odd Grenland",1.125,24.75,0.0454545454545455,":no:","Norway: 24.75 points"
"Norway","Molde FK",7.25,24.75,0.292929292929293,":no:","Norway: 24.75 points"
"Norway","Lillestrøm SK",0,24.75,0,":no:","Norway: 24.75 points"
"Norway","Vålerengens IF",0.25,24.75,0.0101010101010101,":no:","Norway: 24.75 points"
"Norway","Rosenborg BK",7.5,24.75,0.303030303030303,":no:","Norway: 24.75 points"
"Norway","Sarpsborg 08",2.375,24.75,0.095959595959596,":no:","Norway: 24.75 points"
"Norway","Bodø/Glimt",4.25,24.75,0.171717171717172,":no:","Norway: 24.75 points"
"Norway","Viking Stavanger",0.125,24.75,0.00505050505050505,":no:","Norway: 24.75 points"
"Norway","FK Haugesund",1.5,24.75,0.0606060606060606,":no:","Norway: 24.75 points"
"Norway","SK Brann Bergen",0.375,24.75,0.0151515151515152,":no:","Norway: 24.75 points"
"Israel","Maccabi Tel-Aviv",10.5,23.875,0.43979057591623,":il:","Israel: 23.875 points"
"Israel","Hapoel Beer-Sheva",7,23.875,0.293193717277487,":il:","Israel: 23.875 points"
"Israel","Beitar Jerusalem",0.875,23.875,0.0366492146596859,":il:","Israel: 23.875 points"
"Israel","Bnei Yehuda",1,23.875,0.0418848167539267,":il:","Israel: 23.875 points"
"Israel","Maccabi Haifa",4,23.875,0.167539267015707,":il:","Israel: 23.875 points"
"Israel","MS Ashdod",0.125,23.875,0.00523560209424084,":il:","Israel: 23.875 points"
"Israel","Hapoel Haifa",0.375,23.875,0.0157068062827225,":il:","Israel: 23.875 points"
"Sweden","IFK Göteborg",0.125,22.875,0.00546448087431694,":se:","Sweden: 22.875 points"
"Sweden","BK Häcken",0.75,22.875,0.0327868852459016,":se:","Sweden: 22.875 points"
"Sweden","Hammarby IF",1.5,22.875,0.0655737704918033,":se:","Sweden: 22.875 points"
"Sweden","Östersunds FK",3.625,22.875,0.158469945355191,":se:","Sweden: 22.875 points"
"Sweden","IF Elfsborg",1.125,22.875,0.0491803278688525,":se:","Sweden: 22.875 points"
"Sweden","Malmö FF",11,22.875,0.480874316939891,":se:","Sweden: 22.875 points"
"Sweden","Djurgårdens IF",0.75,22.875,0.0327868852459016,":se:","Sweden: 22.875 points"
"Sweden","AIK Stockholm",2.125,22.875,0.092896174863388,":se:","Sweden: 22.875 points"
"Sweden","IFK Norrköping",1.875,22.875,0.0819672131147541,":se:","Sweden: 22.875 points"
"Bulgaria","Levski Sofia",1.125,19.25,0.0584415584415584,":bg:","Bulgaria: 19.25 points"
"Bulgaria","Slavia Sofia",0.625,19.25,0.0324675324675325,":bg:","Bulgaria: 19.25 points"
"Bulgaria","Dunav Ruse",0,19.25,0,":bg:","Bulgaria: 19.25 points"
"Bulgaria","Ludogorets Razgrad",10.25,19.25,0.532467532467532,":bg:","Bulgaria: 19.25 points"
"Bulgaria","Arda Kardzhali",0,19.25,0,":bg:","Bulgaria: 19.25 points"
"Bulgaria","Botev Plovdiv",1,19.25,0.051948051948052,":bg:","Bulgaria: 19.25 points"
"Bulgaria","CSKA Sofia",5.125,19.25,0.266233766233766,":bg:","Bulgaria: 19.25 points"
"Bulgaria","Lokomotiv Plovdiv",1.125,19.25,0.0584415584415584,":bg:","Bulgaria: 19.25 points"
"Azerbaijan","Sumgayit FK",0.25,17,0.0147058823529412,":az:","Azerbaijan: 17 points"
"Azerbaijan","Inter Baku",0.75,17,0.0441176470588235,":az:","Azerbaijan: 17 points"
"Azerbaijan","Zira FK",0.625,17,0.0367647058823529,":az:","Azerbaijan: 17 points"
"Azerbaijan","Neftchi Baku",2.625,17,0.154411764705882,":az:","Azerbaijan: 17 points"
"Azerbaijan","Sabail FK",0,17,0,":az:","Azerbaijan: 17 points"
"Azerbaijan","Qarabag FK",11.625,17,0.683823529411765,":az:","Azerbaijan: 17 points"
"Azerbaijan","Kesla FK",0.5,17,0.0294117647058824,":az:","Azerbaijan: 17 points"
"Azerbaijan","Gabala FK",0.625,17,0.0367647058823529,":az:","Azerbaijan: 17 points"
"Romania","Astra Giurgiu",0.4,16.65,0.024024024024024,":ro:","Romania: 16.65 points"
"Romania","Dinamo Bucuresti",0.1,16.65,0.00600600600600601,":ro:","Romania: 16.65 points"
"Romania","CFR Cluj",7.625,16.65,0.457957957957958,":ro:","Romania: 16.65 points"
"Romania","Viitorul Constanta",0.95,16.65,0.0570570570570571,":ro:","Romania: 16.65 points"
"Romania","Universitatea Craiova",1.25,16.65,0.0750750750750751,":ro:","Romania: 16.65 points"
"Romania","Sepsi OSK",0.25,16.65,0.015015015015015,":ro:","Romania: 16.65 points"
"Romania","FC Botosani",0.5,16.65,0.03003003003003,":ro:","Romania: 16.65 points"
"Romania","FCSB",5.575,16.65,0.334834834834835,":ro:","Romania: 16.65 points"
"Hungary","DVSC Debrecen",0.375,15.875,0.0236220472440945,":hu:","Hungary: 15.875 points"
"Hungary","Újpest TE",0.75,15.875,0.047244094488189,":hu:","Hungary: 15.875 points"
"Hungary","Puskás Akadémia",0.5,15.875,0.031496062992126,":hu:","Hungary: 15.875 points"
"Hungary","Honvéd Budapest",1.625,15.875,0.102362204724409,":hu:","Hungary: 15.875 points"
"Hungary","Ferencváros",7.375,15.875,0.464566929133858,":hu:","Hungary: 15.875 points"
"Hungary","FC Fehérvár",1.75,15.875,0.110236220472441,":hu:","Hungary: 15.875 points"
"Hungary","Videoton Fehérvár",3.5,15.875,0.220472440944882,":hu:","Hungary: 15.875 points"
"Hungary","Vasas Budapest",0,15.875,0,":hu:","Hungary: 15.875 points"
"Poland","Jagiellonia Bialystok",1,15.875,0.062992125984252,":pl:","Poland: 15.875 points"
"Poland","Cracovia Kraków",0.375,15.875,0.0236220472440945,":pl:","Poland: 15.875 points"
"Poland","Pogon Szczecin",0.125,15.875,0.0078740157480315,":pl:","Poland: 15.875 points"
"Poland","Lech Poznan",3.625,15.875,0.228346456692913,":pl:","Poland: 15.875 points"
"Poland","Górnik Zabrze",0.375,15.875,0.0236220472440945,":pl:","Poland: 15.875 points"
"Poland","Legia Warsaw",6.625,15.875,0.417322834645669,":pl:","Poland: 15.875 points"
"Poland","Lechia Gdansk",0.25,15.875,0.015748031496063,":pl:","Poland: 15.875 points"
"Poland","Slask Wroclaw",1.125,15.875,0.0708661417322835,":pl:","Poland: 15.875 points"
"Poland","Piast Gliwice",1.25,15.875,0.078740157480315,":pl:","Poland: 15.875 points"
"Poland","Arka Gdynia",0.25,15.875,0.015748031496063,":pl:","Poland: 15.875 points"
"Poland","Raków Czestochowa",0.875,15.875,0.0551181102362205,":pl:","Poland: 15.875 points"
"Slovakia","AS Trencín",2,15.625,0.128,":sk:","Slovakia: 15.625 points"
"Slovakia","DAC Dunajska Streda",1.5,15.625,0.096,":sk:","Slovakia: 15.625 points"
"Slovakia","Spartak Trnava",3.5,15.625,0.224,":sk:","Slovakia: 15.625 points"
"Slovakia","MFK Ruzomberok",0.625,15.625,0.04,":sk:","Slovakia: 15.625 points"
"Slovakia","MSK Zilina",1.5,15.625,0.096,":sk:","Slovakia: 15.625 points"
"Slovakia","Slovan Bratislava",6.5,15.625,0.416,":sk:","Slovakia: 15.625 points"
"Kazakhstan","FK Astana",8,15.5,0.516129032258065,":kz:","Kazakhstan: 15.5 points"
"Kazakhstan","Shakhtyor Karaganda",0.5,15.5,0.032258064516129,":kz:","Kazakhstan: 15.5 points"
"Kazakhstan","Irtysh Pavlodar",0.75,15.5,0.0483870967741935,":kz:","Kazakhstan: 15.5 points"
"Kazakhstan","Tobol Kustanai",1.25,15.5,0.0806451612903226,":kz:","Kazakhstan: 15.5 points"
"Kazakhstan","Ordabasy Shymkent",0.875,15.5,0.0564516129032258,":kz:","Kazakhstan: 15.5 points"
"Kazakhstan","Kairat Almaty",4,15.5,0.258064516129032,":kz:","Kazakhstan: 15.5 points"
"Kazakhstan","Kaysar Kyzylorda",0.125,15.5,0.00806451612903226,":kz:","Kazakhstan: 15.5 points"
"Slovenia","NK Domzale",3.25,15,0.216666666666667,":si:","Slovenia: 15 points"
"Slovenia","Nova Gorica",0.375,15,0.025,":si:","Slovenia: 15 points"
"Slovenia","NK Celje",0.625,15,0.0416666666666667,":si:","Slovenia: 15 points"
"Slovenia","Mura Murska Sobota",2.375,15,0.158333333333333,":si:","Slovenia: 15 points"
"Slovenia","NK Maribor",5.625,15,0.375,":si:","Slovenia: 15 points"
"Slovenia","Olimpija Ljubljana",2.25,15,0.15,":si:","Slovenia: 15 points"
"Slovenia","Rudar Velenje",0.5,15,0.0333333333333333,":si:","Slovenia: 15 points"
"Belarus","Dinamo Minsk",2.25,12.5,0.18,":by:","Belarus: 12.5 points"
"Belarus","FC Vitebsk",0.125,12.5,0.01,":by:","Belarus: 12.5 points"
"Belarus","BATE Borisov",6.375,12.5,0.51,":by:","Belarus: 12.5 points"
"Belarus","Dynamo Brest",1.75,12.5,0.14,":by:","Belarus: 12.5 points"
"Belarus","Shakhtior Saligorsk",2,12.5,0.16,":by:","Belarus: 12.5 points"
"Belarus","Torpedo Zhodino",0,12.5,0,":by:","Belarus: 12.5 points"
"Moldova","Dacia Chisinau",0,10.75,0,":md:","Moldova: 10.75 points"
"Moldova","Zaria Balti",0.375,10.75,0.0348837209302326,":md:","Moldova: 10.75 points"
"Moldova","Dinamo-Auto Tiraspol",0.125,10.75,0.0116279069767442,":md:","Moldova: 10.75 points"
"Moldova","Sheriff Tiraspol",8.75,10.75,0.813953488372093,":md:","Moldova: 10.75 points"
"Moldova","Milsami Orhei",0.5,10.75,0.0465116279069767,":md:","Moldova: 10.75 points"
"Moldova","Speranta Nisporeni",0,10.75,0,":md:","Moldova: 10.75 points"
"Moldova","Petrocub Hîncesti",0.625,10.75,0.0581395348837209,":md:","Moldova: 10.75 points"
"Moldova","Sfântul Gheorghe",0.375,10.75,0.0348837209302326,":md:","Moldova: 10.75 points"
"Lithuania","FK Trakai",1.875,10,0.1875,":lt:","Lithuania: 10 points"
"Lithuania","Kauno Zalgiris",0.5,10,0.05,":lt:","Lithuania: 10 points"
"Lithuania","Suduva Marijampole",4.25,10,0.425,":lt:","Lithuania: 10 points"
"Lithuania","Zalgiris Vilnius",2.375,10,0.2375,":lt:","Lithuania: 10 points"
"Lithuania","FK Panevezys",0,10,0,":lt:","Lithuania: 10 points"
"Lithuania","Stumbras Kaunas",0.25,10,0.025,":lt:","Lithuania: 10 points"
"Lithuania","FK Riteriai",0.75,10,0.075,":lt:","Lithuania: 10 points"
"Lithuania","Atlantas Klaipeda",0,10,0,":lt:","Lithuania: 10 points"
"Bosnia-Herzegovina","Zeljeznicar Sarajevo",1.125,9.125,0.123287671232877,":ba:","Bosnia-Herzegovina: 9.125 points"
"Bosnia-Herzegovina","Zrinjski Mostar",2.875,9.125,0.315068493150685,":ba:","Bosnia-Herzegovina: 9.125 points"
"Bosnia-Herzegovina","Velez Mostar",0.875,9.125,0.0958904109589041,":ba:","Bosnia-Herzegovina: 9.125 points"
"Bosnia-Herzegovina","Siroki Brijeg",1,9.125,0.10958904109589,":ba:","Bosnia-Herzegovina: 9.125 points"
"Bosnia-Herzegovina","FK Sarajevo",2.125,9.125,0.232876712328767,":ba:","Bosnia-Herzegovina: 9.125 points"
"Bosnia-Herzegovina","FK Borac Banja Luka",0.875,9.125,0.0958904109589041,":ba:","Bosnia-Herzegovina: 9.125 points"
"Bosnia-Herzegovina","Radnik Bijeljina",0.25,9.125,0.0273972602739726,":ba:","Bosnia-Herzegovina: 9.125 points"
"Finland","KuPS Kuopio",2.625,8.875,0.295774647887324,":fi:","Finland: 8.875 points"
"Finland","IFK Mariehamn",0,8.875,0,":fi:","Finland: 8.875 points"
"Finland","VPS Vaasa",0.75,8.875,0.0845070422535211,":fi:","Finland: 8.875 points"
"Finland","Honka Espoo",0.625,8.875,0.0704225352112676,":fi:","Finland: 8.875 points"
"Finland","SJK Seinäjoki",0.125,8.875,0.0140845070422535,":fi:","Finland: 8.875 points"
"Finland","FC Lahti",0.125,8.875,0.0140845070422535,":fi:","Finland: 8.875 points"
"Finland","Ilves Tampere",0.25,8.875,0.028169014084507,":fi:","Finland: 8.875 points"
"Finland","HJK Helsinki",3.875,8.875,0.436619718309859,":fi:","Finland: 8.875 points"
"Finland","RoPS Rovaniemi",0,8.875,0,":fi:","Finland: 8.875 points"
"Finland","Inter Turku",0.5,8.875,0.0563380281690141,":fi:","Finland: 8.875 points"
"Luxembourg","Differdange 03",0.125,8.75,0.0142857142857143,":lu:","Luxembourg: 8.75 points"
"Luxembourg","Swift Hesperange",0.125,8.75,0.0142857142857143,":lu:","Luxembourg: 8.75 points"
"Luxembourg","F91 Dudelange",3.75,8.75,0.428571428571429,":lu:","Luxembourg: 8.75 points"
"Luxembourg","Union Titus Pétange",0.125,8.75,0.0142857142857143,":lu:","Luxembourg: 8.75 points"
"Luxembourg","CS Fola Esch",2.25,8.75,0.257142857142857,":lu:","Luxembourg: 8.75 points"
"Luxembourg","Progrès Niederkorn",2,8.75,0.228571428571429,":lu:","Luxembourg: 8.75 points"
"Luxembourg","Racing Union Luxembourg",0.125,8.75,0.0142857142857143,":lu:","Luxembourg: 8.75 points"
"Luxembourg","Jeunesse d'Esch",0.25,8.75,0.0285714285714286,":lu:","Luxembourg: 8.75 points"
"Latvia","RFS Riga",1.25,8.625,0.144927536231884,":lv:","Latvia: 8.625 points"
"Latvia","FK Jelgava",0,8.625,0,":lv:","Latvia: 8.625 points"
"Latvia","Valmieras FK",0.25,8.625,0.0289855072463768,":lv:","Latvia: 8.625 points"
"Latvia","Riga FC",2.875,8.625,0.333333333333333,":lv:","Latvia: 8.625 points"
"Latvia","Spartaks Jurmala",0.875,8.625,0.101449275362319,":lv:","Latvia: 8.625 points"
"Latvia","FK Ventspils",1.625,8.625,0.188405797101449,":lv:","Latvia: 8.625 points"
"Latvia","FK Liepaja",1.75,8.625,0.202898550724638,":lv:","Latvia: 8.625 points"
"Kosovo","FC Drita",3.08333333333333,8.16666666666667,0.377551020408163,":xk:","Kosovo: 8.167 points"
"Kosovo","Trepça'89",0,8.16666666666667,0,":xk:","Kosovo: 8.167 points"
"Kosovo","FC Prishtina",3,8.16666666666667,0.36734693877551,":xk:","Kosovo: 8.167 points"
"Kosovo","KF Llapi",0.166666666666667,8.16666666666667,0.0204081632653061,":xk:","Kosovo: 8.167 points"
"Kosovo","SC Gjilani",0.666666666666667,8.16666666666667,0.0816326530612245,":xk:","Kosovo: 8.167 points"
"Kosovo","Feronikeli",1.25,8.16666666666667,0.153061224489796,":xk:","Kosovo: 8.167 points"
"Ireland","Derry City",0.375,8.125,0.0461538461538462,":ie:","Ireland: 8.125 points"
"Ireland","St. Patrick's Athletic",0,8.125,0,":ie:","Ireland: 8.125 points"
"Ireland","Shamrock Rovers",2.375,8.125,0.292307692307692,":ie:","Ireland: 8.125 points"
"Ireland","Bohemians Dublin",1.375,8.125,0.169230769230769,":ie:","Ireland: 8.125 points"
"Ireland","Sligo Rovers",0,8.125,0,":ie:","Ireland: 8.125 points"
"Ireland","Cork City",0.75,8.125,0.0923076923076923,":ie:","Ireland: 8.125 points"
"Ireland","Dundalk",3.25,8.125,0.4,":ie:","Ireland: 8.125 points"
"Northern Ireland","Crusaders Belfast",0.875,8.08333333333333,0.108247422680412,":gb-nir:","Northern Ireland: 8.083 points"
"Northern Ireland","Linfield Belfast",2.875,8.08333333333333,0.355670103092783,":gb-nir:","Northern Ireland: 8.083 points"
"Northern Ireland","Larne FC",1.125,8.08333333333333,0.139175257731959,":gb-nir:","Northern Ireland: 8.083 points"
"Northern Ireland","Cliftonville",0.375,8.08333333333333,0.0463917525773196,":gb-nir:","Northern Ireland: 8.083 points"
"Northern Ireland","Glentoran",0.791666666666667,8.08333333333333,0.0979381443298969,":gb-nir:","Northern Ireland: 8.083 points"
"Northern Ireland","Ballymena United",0.375,8.08333333333333,0.0463917525773196,":gb-nir:","Northern Ireland: 8.083 points"
"Northern Ireland","Coleraine",1.41666666666667,8.08333333333333,0.175257731958763,":gb-nir:","Northern Ireland: 8.083 points"
"Northern Ireland","Glenavon",0.25,8.08333333333333,0.0309278350515464,":gb-nir:","Northern Ireland: 8.083 points"
"Albania","Vllaznia Shkodër",0.25,8,0.03125,":al:","Albania: 8 points"
"Albania","KF Laçi",1.375,8,0.171875,":al:","Albania: 8 points"
"Albania","KF Tirana",0.625,8,0.078125,":al:","Albania: 8 points"
"Albania","Luftëtari Gjirokastër",0.125,8,0.015625,":al:","Albania: 8 points"
"Albania","FK Kukësi",1.5,8,0.1875,":al:","Albania: 8 points"
"Albania","Partizani Tirana",0.75,8,0.09375,":al:","Albania: 8 points"
"Albania","Teuta Durrës",1,8,0.125,":al:","Albania: 8 points"
"Albania","Skënderbeu Korçë",2.375,8,0.296875,":al:","Albania: 8 points"
"Armenia","FC Noah",0.375,7.875,0.0476190476190476,":am:","Armenia: 7.875 points"
"Armenia","Ararat Yerevan",0.5,7.875,0.0634920634920635,":am:","Armenia: 7.875 points"
"Armenia","Banants Yerevan",0,7.875,0,":am:","Armenia: 7.875 points"
"Armenia","Urartu FC",0,7.875,0,":am:","Armenia: 7.875 points"
"Armenia","Pyunik Yerevan",1.625,7.875,0.206349206349206,":am:","Armenia: 7.875 points"
"Armenia","Alashkert FC",2.625,7.875,0.333333333333333,":am:","Armenia: 7.875 points"
"Armenia","Ararat-Armenia",2.25,7.875,0.285714285714286,":am:","Armenia: 7.875 points"
"Armenia","Gandzasar Kapan",0.25,7.875,0.0317460317460317,":am:","Armenia: 7.875 points"
"Armenia","Shirak Gyumri",0.25,7.875,0.0317460317460317,":am:","Armenia: 7.875 points"
"Faroe Islands","NSI Runavik",0.791666666666667,7.25,0.109195402298851,":fo:","Faroe Islands: 7.25 points"
"Faroe Islands","B36 Torshavn",1.75,7.25,0.241379310344828,":fo:","Faroe Islands: 7.25 points"
"Faroe Islands","KI Klaksvik",2.70833333333333,7.25,0.373563218390805,":fo:","Faroe Islands: 7.25 points"
"Faroe Islands","HB Torshavn",1.375,7.25,0.189655172413793,":fo:","Faroe Islands: 7.25 points"
"Faroe Islands","Víkingur",0.625,7.25,0.0862068965517241,":fo:","Faroe Islands: 7.25 points"
"Estonia","Levadia Tallinn",1.04166666666667,7.04166666666667,0.14792899408284,":ee:","Estonia: 7.042 points"
"Estonia","Kalju Nomme",1.25,7.04166666666667,0.177514792899408,":ee:","Estonia: 7.042 points"
"Estonia","Flora Tallinn",4.625,7.04166666666667,0.656804733727811,":ee:","Estonia: 7.042 points"
"Estonia","FCI Tallinn",0,7.04166666666667,0,":ee:","Estonia: 7.042 points"
"Estonia","Paide Linnameeskond",0.125,7.04166666666667,0.0177514792899408,":ee:","Estonia: 7.042 points"
"Estonia","Trans Narva",0,7.04166666666667,0,":ee:","Estonia: 7.042 points"
"Georgia","Lokomotivi Tbilisi",0.875,7,0.125,":ge:","Georgia: 7 points"
"Georgia","Dinamo Tbilisi",1.875,7,0.267857142857143,":ge:","Georgia: 7 points"
"Georgia","Saburtalo Tbilisi",0.625,7,0.0892857142857143,":ge:","Georgia: 7 points"
"Georgia","Dila Gori",0.25,7,0.0357142857142857,":ge:","Georgia: 7 points"
"Georgia","Chikhura Sachkhere",1.25,7,0.178571428571429,":ge:","Georgia: 7 points"
"Georgia","Gagra Tbilisi",0.125,7,0.0178571428571429,":ge:","Georgia: 7 points"
"Georgia","Torpedo Kutaisi",1,7,0.142857142857143,":ge:","Georgia: 7 points"
"Georgia","Samtredia",0,7,0,":ge:","Georgia: 7 points"
"Georgia","Dinamo Batumi",1,7,0.142857142857143,":ge:","Georgia: 7 points"
"Malta","Balzan FC",0.625,7,0.0892857142857143,":mt:","Malta: 7 points"
"Malta","Birkirkara",0.75,7,0.107142857142857,":mt:","Malta: 7 points"
"Malta","Mosta FC",0.25,7,0.0357142857142857,":mt:","Malta: 7 points"
"Malta","Sirens FC",0.125,7,0.0178571428571429,":mt:","Malta: 7 points"
"Malta","Hibernians FC",1.75,7,0.25,":mt:","Malta: 7 points"
"Malta","Valletta FC",1.5,7,0.214285714285714,":mt:","Malta: 7 points"
"Malta","Floriana",0.875,7,0.125,":mt:","Malta: 7 points"
"Malta","Gzira United",1.125,7,0.160714285714286,":mt:","Malta: 7 points"
"North Macedonia","FK Shkupi",0.75,7,0.107142857142857,":mk:","North Macedonia: 7 points"
"North Macedonia","Renova Dzepciste",0.5,7,0.0714285714285714,":mk:","North Macedonia: 7 points"
"North Macedonia","Rabotnicki Skopje",0.875,7,0.125,":mk:","North Macedonia: 7 points"
"North Macedonia","Vardar Skopje",1.375,7,0.196428571428571,":mk:","North Macedonia: 7 points"
"North Macedonia","Akademija Pandev",0,7,0,":mk:","North Macedonia: 7 points"
"North Macedonia","Pelister Bitola",0,7,0,":mk:","North Macedonia: 7 points"
"North Macedonia","FC Struga",0.125,7,0.0178571428571429,":mk:","North Macedonia: 7 points"
"North Macedonia","Sileks Kratovo",0.375,7,0.0535714285714286,":mk:","North Macedonia: 7 points"
"North Macedonia","Makedonija GjP",0,7,0,":mk:","North Macedonia: 7 points"
"North Macedonia","Shkendija Tetovo",3,7,0.428571428571429,":mk:","North Macedonia: 7 points"
"Liechtenstein","FC Vaduz",6.5,6.5,1,":li:","Liechtenstein: 6.5 points"
"Wales","The New Saints",3,5.5,0.545454545454545,":gb-wls:","Wales: 5.5 points"
"Wales","Bala Town",0.75,5.5,0.136363636363636,":gb-wls:","Wales: 5.5 points"
"Wales","Barry Town",0.25,5.5,0.0454545454545455,":gb-wls:","Wales: 5.5 points"
"Wales","Cardiff MU",0.25,5.5,0.0454545454545455,":gb-wls:","Wales: 5.5 points"
"Wales","Cefn Druids",0.125,5.5,0.0227272727272727,":gb-wls:","Wales: 5.5 points"
"Wales","Newtown",0,5.5,0,":gb-wls:","Wales: 5.5 points"
"Wales","Connah's Quay",1.125,5.5,0.204545454545455,":gb-wls:","Wales: 5.5 points"
"Wales","Bangor City",0,5.5,0,":gb-wls:","Wales: 5.5 points"
"Gibraltar","Europa FC",1.45833333333333,5.41666666666667,0.269230769230769,":gi:","Gibraltar: 5.417 points"
"Gibraltar","Lincoln Red Imps",2.70833333333333,5.41666666666667,0.5,":gi:","Gibraltar: 5.417 points"
"Gibraltar","St Joseph's FC",1.125,5.41666666666667,0.207692307692308,":gi:","Gibraltar: 5.417 points"
"Gibraltar","Mons Calpe",0.125,5.41666666666667,0.0230769230769231,":gi:","Gibraltar: 5.417 points"
"Iceland","Vikingur Reykjavik",0.125,5.375,0.0232558139534884,":is:","Iceland: 5.375 points"
"Iceland","FH Hafnarfjardar",1.5,5.375,0.27906976744186,":is:","Iceland: 5.375 points"
"Iceland","KR Reykjavik",0.75,5.375,0.13953488372093,":is:","Iceland: 5.375 points"
"Iceland","Valur Reykjavik",1.25,5.375,0.232558139534884,":is:","Iceland: 5.375 points"
"Iceland","IBV Vestmannaeyjar",0,5.375,0,":is:","Iceland: 5.375 points"
"Iceland","Breidablik",1.125,5.375,0.209302325581395,":is:","Iceland: 5.375 points"
"Iceland","Stjarnan FC",0.625,5.375,0.116279069767442,":is:","Iceland: 5.375 points"
"Montenegro","Decic Tuzi",0,4.875,0,":me:","Montenegro: 4.875 points"
"Montenegro","OFK Titograd",0.25,4.875,0.0512820512820513,":me:","Montenegro: 4.875 points"
"Montenegro","FK Podgorica",0.25,4.875,0.0512820512820513,":me:","Montenegro: 4.875 points"
"Montenegro","Zeta Golubovci",0.75,4.875,0.153846153846154,":me:","Montenegro: 4.875 points"
"Montenegro","Sutjeska Niksic",1.125,4.875,0.230769230769231,":me:","Montenegro: 4.875 points"
"Montenegro","Iskra Danilovgrad",0.375,4.875,0.0769230769230769,":me:","Montenegro: 4.875 points"
"Montenegro","Mladost Podgorica",0.75,4.875,0.153846153846154,":me:","Montenegro: 4.875 points"
"Montenegro","Rudar Pljevlja",0,4.875,0,":me:","Montenegro: 4.875 points"
"Montenegro","Buducnost Podgorica",1.375,4.875,0.282051282051282,":me:","Montenegro: 4.875 points"
"Andorra","Sant Julià",0.666666666666667,4.66666666666667,0.142857142857143,":ad:","Andorra: 4.667 points"
"Andorra","FC Santa Coloma",1.83333333333333,4.66666666666667,0.392857142857143,":ad:","Andorra: 4.667 points"
"Andorra","UE Santa Coloma",0,4.66666666666667,0,":ad:","Andorra: 4.667 points"
"Andorra","Inter Club d'Escaldes",0.833333333333333,4.66666666666667,0.178571428571429,":ad:","Andorra: 4.667 points"
"Andorra","UE Engordany",1.33333333333333,4.66666666666667,0.285714285714286,":ad:","Andorra: 4.667 points"
"San Marino","Tre Fiori",0.5,1.33333333333333,0.375,":sm:","San Marino: 1.333 points"
"San Marino","Tre Penne",0.166666666666667,1.33333333333333,0.125,":sm:","San Marino: 1.333 points"
"San Marino","La Fiorita",0.5,1.33333333333333,0.375,":sm:","San Marino: 1.333 points"
"San Marino","Folgore",0.166666666666667,1.33333333333333,0.125,":sm:","San Marino: 1.333 points"
